Tags;Company Name;Accounting Software;Vendor ID
Levage;HUGON-MANULEVA;SAP;11834
Levage;SARL LANDER  ;SAP;26175
Levage;LOXAM (Caudan) ;SAP;12713
Levage;MEDIACO  ;SAP;24078
Levage;ARNAUD SARL ;SAP;100211
Essais plaque;NEXTROAD ENGINEERING ;SAP;23737
Essais plaque;AXOL ;SAP;18277
Essais plaque;Marquet TP ;SAP;23762
Essais plaque;BALDARE SARL ;SAP;12484
Essais plaque;BALDARE SARL  ;SAP;12484
Essais plaque;NEXTROAD ENGINEERING  ;SAP;23737
Essais plaque;RAZEL-BEC ;SAP;15164
TP;SA RAYMOND LAVOYE ET SES FILS ;SAP;10732
TP;C.L.D SARL NARBONNE ;SAP;23797
TP;LEVEZOU TP (SARL MARTY RICHARD);SAP;21056
TP;CEGELEC RODEZ  ;SAP;10408
TP;COSTE TP  ;SAP;25499
TP;GARENQ TP;SAP;13524
TP;S.E. DES ETS GERARD CALAS;SAP;24232
Débrou;COMMUNE DE LESPERON  ;SAP;18212
Débrou;AMENAGEMENTS RURAUX ET FORESTIERS (A.R.F.);SAP;18506
Débrou;POULAIN FRANÇOIS ARTISAN ;SAP;16221
Débrou;ACCA  ;SAP;13105
Débrou;SUD ESPACES VERTS;SAP;102162
Débrou;LE JARDINIER ;SAP;25564
Débrou;BOUSQUET DOUZIECH SARL;SAP;16393
Débrou;LE JARDINIER  ;SAP;25564
Débrou;COMMUNE DE FREYCENET LA TOUR ;SAP;13666
Débrou;COLLET ;SAP;13081
Débrou;POULAIN FRANÇOIS ARTISAN  ;SAP;16221
Débrou;OFFICE NATIONAL DES FORETS  ;SAP;17374
Débrou;ARBO PAYSAGES  ;SAP;22112
Débrou;OFFICE NATIONAL DES FORETS  ;SAP;18836
Débrou;SERPE  ;SAP;22331
Débrou;EURL SYLVA SERVICES;SAP;22563
Déneigement;GAEC DE LA GARDILLE;SAP;22372
Déneigement;SIVU DE L'EZPEZONETTE  ;SAP;22831
Déneigement;Hautes Terres Communauté ;SAP;22056
Déneigement;SARL AGRIMETHAPONS;SAP;100411
Déneigement;SAVAJOL Alain  ;SAP;12932
Déneigement;GAEC DE LA GARDILLE ;SAP;22372
Déneigement;GOUTTENOIRE DENIS ;SAP;18541
Panneautage;Stéphane SELLES DECORBIERES;SAP;17855
Panneautage;IMPREMIUM   ;SAP;13
Panneautage;Stéphane SELLES DECORBIERES  ;SAP;17855
Panneautage;IMPREMIUM ;SAP;13
Panneautage;SIGNAUX GIROD;SAP;16122
Panneautage;PIC BOIS RHONE ALPES ;SAP;23949
Déchets;ORTEC INDUSTRIE ;SAP;25005
Déchets;BOX'AIR / RESOTAINER ;SAP;26625
Déchets;RIERA TRANSPORTS  ;SAP;26622
SDA;LIQUEN Consultoria Ambiental S.L. ;SAP;15949
SDA;BIODIVWIND ;SAP;22669
SDA;LIQUEN CONSULTORIA AMBIENTAL S.L.  ;SAP;15949
PDL;OMEXOM CEGELEC RENEWABLE ENERGIES;SAP;18522
PDL;ECR Environnement Ouest  ;SAP;26603
PDL;GAUBERT ;SAP;100456
PDL;DALKIA ;SAP;27128
PDL;SOLECO ;SAP;27262
PDL;DIA;SAP;001016
PDL;Entreprise Travesset ;SAP;23235
PDL;SALAS traitements ;SAP;27395
PDL;CIRTEUS;SAP;18521
PDL;COMPAGNIE EUROPEENNE DU HAUT DEBIT ;SAP;16274
PDL;MADINE ELECTROSERVICES  ;SAP;11199
PDL;DALKIA ELECTROTECHNICS IG  ;SAP;27128
PDL;EDF ELECTROTECHNICS IG ;SAP;25418
PDL;HAUTE TENTION MAINTENANCE ET SERVICES  ;SAP;27222
O&M;VESTAS ;SAP;12590
O&M;ENERCON ;SAP;12953
O&M;NORDEX France  ;SAP;13889
O&M;SIEMENS GAMESA RE SERVICE SAS  ;SAP;11414
O&M;NET-WIND  ;SAP;14600
O&M;VESTAS  ;SAP;12590
VGP ;APAVE SUDEUROPE SAS  ;SAP;12338
Pales;SIEMENS GAMESA RENEWABLE ENERGY SER ;SAP;27068
Pales;SKYSPECS B.V.  ;SAP;23653
Etudes (acoutiques, enviro…);BLET MEASUREMENT ;SAP;15216
Etudes (acoutiques, enviro…);DELHOM ACOUSTIQUE;SAP;10596
Etudes (acoutiques, enviro…);ENERGIE MAINTENANCE;SAP;10723
Etudes (acoutiques, enviro…);ARTIFEXSARL CLIMAX INGENIERIE ;SAP;10482
Etudes (acoutiques, enviro…); DELHOM ACOUSTIQUE ;SAP;10596
Etudes (acoutiques, enviro…);EXEN  ;SAP;12793
Etudes (acoutiques, enviro…);DNV;SAP;
Etudes (acoutiques, enviro…);DELHOM ACOUSTIQUE  ;SAP;10596
Etudes (acoutiques, enviro…);GROSSER TEKNIK ;SAP;100610
Etudes (acoutiques, enviro…);SERPOL  (Analyse d'eaux);SAP;100454
Etudes (acoutiques, enviro…);BLET MEASUREMENT GROUP  ;SAP;15216
Accompagnement;ENERCON;SAP;12953
Accompagnement;L'ECOLE DE LA NATURE;SAP;100037
Gardiennage;VIGI Securite ;SAP;24
Gardiennage;ELITE SECURITE PRIVEE;SAP;100099
Divers;COMMUNE DE SAINT-AFFRIQUE ;SAP;27664
Divers;HDS  MORELET TONY TEDDY CHRISTIAN (Antenniste);SAP;26608
Divers;SUEZ RV DEEE  (Valorisation de pale);SAP;27532
Divers;ACTISUD (Nid de guêpe);SAP;26741
Divers;ETANDEX (Reprise pieds de tours);SAP;100556
Divers;FRANCE CADENAS KDN-SECURITY  ;SAP;20519
Divers;CA SETE AGGLOPOLE MEDITERRANEE ;SAP;27237
Divers;COMPAGNIE EUROPEENNE DU HAUT DEBIT  ;SAP;16274
Divers;SALAS TRAITEMENTS (Dératisation);SAP;27395
Divers;RTS ASSOCIATION RADIO.THAU.SETE;SAP;10205
Divers; M INGENIERIE  (TNT);SAP;7
Divers;CORRAL  ;SAP;12963
Divers;RAPID TRANSPORTS  ;SAP;12734
Divers;DEMAIN LA TERRE DLT ;SAP;10602
Divers;SERPOL  (Pompage eaux);SAP;100454
Divers;KINTECH ENGINEERING  ;SAP;13240
Divers;A.C.C.A. DE BAIXAS ;SAP;22120
Divers;ACCA DE CALCE ;SAP;21945
Divers;ACCA PEZILLA DE LA RIVIERE ();SAP;19027
Divers;ENERGIE MAINTENANCE ;SAP;10723
Divers;ETS BAURES PRODUITS METALLURGIQUES  ;SAP;10265
Divers;FRONTIER PITTS France (Barrière anti-effraction);SAP;20005
